model,dataset,mean,std
ConvNext,CIFAR-10,0.9775300025939941,0.0016364236902834965
ConvNext,ISIC 2019,0.8030447959899902,0.012883111162615563
Swin Transformer,CIFAR-10,0.9874799966812133,0.0008689802887362582
Swin Transformer,ISIC 2019,0.8530308455228806,0.08053688904563626
