dataset,model,mean,std
CIFAR-10,ConvNext,0.9775300025939941,0.0016364236902834965
CIFAR-10,Swin Transformer,0.9874799966812133,0.0008689802887362582
ISIC 2019,ConvNext,0.8030447959899902,0.012883111162615563
ISIC 2019,Swin Transformer,0.8530308455228806,0.08053688904563626
